,gene_name,CAI,seq
0,YAL038W,0.893,ATGTCTAGATTAGAAAGATTGACCTCATTAAACGTTGTTGCTGGTTCTGACTTGAGAAGAACCTCCATCATTGGTACCATCGGTCCAAAGACCAACAACCCAGAAACCTTGGTTGCTTTGAGAAAGGCTGGTTTGAACATTGTCCGTATGAACTTCTCTCACGGTTCTTACGAATACCACAAGTCTGTCATTGACAACGCCAGAAAGTCCGAAGAATTGTACCCAGGTAGACCATTGGCCATTGCTTTGGACACCAAGGGTCCAGAAATCAGAACTGGTACCACCACCAACGATGTTGACTACCCAATCCCACCAAACCACGAAATGATCTTCACCACCGATGACAAGTACGCTAAGGCTTGTGACGACAAGATCATGTACGTTGACTACAAGAACATCACCAAGGTCATCTCCGCTGGTAGAATCATCTACGTTGATGATGGTGTTTTGTCTTTCCAAGTTTTGGAAGTCGTTGACGACAAGACTTTGAAGGTCAAGGCTTTGAACGCCGGTAAGATCTGTTCCCACAAGGGTGTCAACTTACCAGGTACCGATGTCGATTTGCCAGCTTTGTCTGAAAAGGACAAGGAAGATTTGAGATTCGGTGTCAAGAACGGTGTCCACATGGTCTTCGCTTCTTTCATCAGAACCGCCAACGATGTTTTGACCATCAGAGAAGTCTTGGGTGAACAAGGTAAGGACGTCAAGATCATTGTCAAGATTGAAAACCAACAAGGTGTTAACAACTTCGACGAAATCTTGAAGGTCACTGACGGTGTTATGGTTGCCAGAGGTGACTTGGGTATTGAAATCCCAGCCCCAGAAGTCTTGGCTGTCCAAAAGAAATTGATTGCTAAGTCTAACTTGGCTGGTAAGCCAGTTATCTGTGCTACCCAAATGTTGGAATCCATGACTTACAACCCAAGACCAACCAGAGCTGAAGTTTCCGATGTCGGTAACGCTATCTTGGATGGTGCTGACTGTGTTATGTTGTCTGGTGAAACCGCCAAGGGTAACTACCCAATCAACGCCGTTACCACTATGGCTGAAACCGCTGTCATTGCTGAACAAGCTATCGCTTACTTGCCAAACTACGATGACATGAGAAACTGTACTCCAAAGCCAACCTCCACCACCGAAACCGTCGCTGCCTCCGCTGTCGCTGCTGTTTTCGAACAAAAGGCCAAGGCTATCATTGTCTTGTCCACTTCCGGTACCACCCCAAGATTGGTTTCCAAGTACAGACCAAACTGTCCAATCATCTTGGTTACCAGATGCCCAAGAGCTGCTAGATTCTCTCACTTGTACAGAGGTGTCTTCCCATTCGTTTTCGAAAAGGAACCTGTCTCTGACTGGACTGATGATGTTGAAGCCCGTATCAACTTCGGTATTGAAAAGGCTAAGGAATTCGGTATCTTGAAGAAGGGTGACACTTACGTTTCCATCCAAGGTTTCAAGGCCGGTGCTGGTCACTCCAACACTTTGCAAGTCTCTACCGTTTAA
1,YBR118W,0.8759999999999999,ATGGGTAAAGAGAAGTCTCACATTAACGTTGTCGTTATCGGTCATGTCGATTCTGGTAAGTCTACCACTACCGGTCATTTGATTTACAAGTGTGGTGGTATTGACAAGAGAACCATCGAAAAGTTCGAAAAGGAAGCCGCTGAATTAGGTAAGGGTTCTTTCAAGTACGCTTGGGTTTTGGACAAGTTAAAGGCTGAAAGAGAAAGAGGTATCACTATCGATATTGCTTTGTGGAAGTTCGAAACTCCAAAGTACCAAGTTACCGTTATTGATGCTCCAGGTCACAGAGATTTCATCAAGAACATGATTACTGGTACTTCTCAAGCTGACTGTGCTATCTTGATTATTGCTGGTGGTGTCGGTGAATTCGAAGCCGGTATCTCTAAGGATGGTCAAACCAGAGAACACGCTTTGTTGGCTTTCACCTTGGGTGTTAGACAATTGATTGTTGCTGTCAACAAGATGGACTCCGTCAAATGGGACGAATCCAGATTCCAAGAAATTGTCAAGGAAACCTCCAACTTTATCAAGAAGGTTGGTTACAACCCAAAGACTGTTCCATTCGTCCCAATCTCTGGTTGGAACGGTGACAACATGATTGAAGCTACCACCAACGCTCCATGGTACAAGGGTTGGGAAAAGGAAACCAAGGCCGGTGTCGTCAAGGGTAAGACTTTGTTGGAAGCCATTGACGCCATTGAACAACCATCTAGACCAACTGACAAGCCATTGAGATTGCCATTGCAAGATGTTTACAAGATCGGTGGTATTGGTACTGTGCCAGTCGGTAGAGTTGAAACCGGTGTCATCAAGCCAGGTATGGTTGTTACTTTCGCCCCAGCTGGTGTTACCACTGAAGTCAAGTCCGTTGAAATGCATCACGAACAATTGGAACAAGGTGTTCCAGGTGACAACGTTGGTTTCAACGTCAAGAACGTTTCCGTTAAGGAAATCAGAAGAGGTAACGTCTGTGGTGACGCTAAGAACGATCCACCAAAGGGTTGCGCTTCTTTCAACGCTACCGTCATTGTTTTGAACCATCCAGGTCAAATCTCTGCTGGTTACTCTCCAGTTTTGGATTGTCACACTGCTCACATTGCTTGTAGATTCGACGAATTGTTGGAAAAGAACGACAGAAGATCTGGTAAGAAGTTGGAAGACCATCCAAAGTTCTTGAAGTCCGGTGACGCTGCTTTGGTCAAGTTCGTTCCATCTAAGCCAATGTGTGTTGAAGCTTTCAGTGAATACCCACCATTAGGTAGATTCGCTGTCAGAGACATGAGACAAACTGTCGCTGTCGGTGTTATCAAGTCTGTTGACAAGACTGAAAAGGCCGCTAAGGTTACCAAGGCTGCTCAAAAGGCTGCTAAGAAATAA
2,YGL030W,0.865,ATGGCCCCAGTTAAATCCCAAGAATCTATCAACCAAAAGTTGGCTTTGGTTATCAAGTCTGGTAAGTACACCTTAGGTTACAAGTCCACTGTCAAGTCTTTGAGACAAGGTAAGTCTAAGTTGATCATCATTGCCGCTAACACTCCAGTTTTGAGAAAGTCCGAATTGGAATATTACGCTATGTTGTCCAAGACTAAGGTCTACTACTTCCAAGGTGGTAACAACGAATTGGGTACTGCTGTCGGTAAGTTATTCAGAGTCGGTGTTGTCTCTATTTTGGAAGCTGGTGACTCTGATATCTTGACCACCTTGGCTTAA
3,YGR192C,0.924,ATGGTTAGAGTTGCTATTAACGGTTTCGGTAGAATCGGTAGATTGGTCATGAGAATTGCTTTGTCTAGACCAAACGTCGAAGTTGTTGCTTTGAACGACCCATTCATCACCAACGACTACGCTGCTTACATGTTCAAGTACGACTCCACTCACGGTAGATACGCTGGTGAAGTTTCCCACGATGACAAGCACATCATTGTCGATGGTAAGAAGATTGCTACTTACCAAGAAAGAGACCCAGCTAACTTGCCATGGGGTTCTTCCAACGTTGACATCGCCATTGACTCCACTGGTGTTTTCAAGGAATTAGACACTGCTCAAAAGCACATTGACGCTGGTGCCAAGAAGGTTGTTATCACTGCTCCATCTTCCACCGCCCCAATGTTCGTCATGGGTGTTAACGAAGAAAAATACACTTCTGACTTGAAGATTGTTTCCAACGCTTCTTGTACCACCAACTGTTTGGCTCCATTGGCCAAGGTTATCAACGATGCTTTCGGTATTGAAGAAGGTTTGATGACCACTGTCCACTCTTTGACTGCTACTCAAAAGACTGTTGACGGTCCATCCCACAAGGACTGGAGAGGTGGTAGAACCGCTTCCGGTAACATCATCCCATCCTCCACCGGTGCTGCTAAGGCTGTCGGTAAGGTCTTGCCAGAATTGCAAGGTAAGTTGACCGGTATGGCTTTCAGAGTCCCAACCGTCGATGTCTCCGTTGTTGACTTGACTGTCAAGTTGAACAAGGAAACCACCTACGATGAAATCAAGAAGGTTGTTAAGGCTGCCGCTGAAGGTAAGTTGAAGGGTGTTTTGGGTTACACCGAAGACGCTGTTGTCTCCTCTGACTTCTTGGGTGACTCTCACTCTTCCATCTTCGATGCTTCCGCTGGTATCCAATTGTCTCCAAAGTTCGTCAAGTTGGTCTCCTGGTACGACAACGAATACGGTTACTCTACCAGAGTTGTCGACTTGGTTGAACACGTTGCCAAGGCTTAA
4,YGR254W,0.871,ATGGCTGTCTCTAAAGTTTACGCTAGATCCGTCTACGACTCCCGTGGTAACCCAACCGTCGAAGTCGAATTAACCACCGAAAAGGGTGTTTTCAGATCCATTGTCCCATCTGGTGCTTCTACCGGTGTCCACGAAGCTTTGGAAATGAGAGATGGTGACAAATCCAAGTGGATGGGTAAGGGTGTTTTGCACGCTGTTAAGAACGTCAACGATGTCATTGCTCCAGCTTTCGTTAAGGCTAACATTGATGTTAAGGACCAAAAGGCCGTCGATGACTTCTTGATTTCTTTGGACGGTACTGCCAACAAATCCAAGTTGGGTGCTAACGCTATCTTGGGTGTTTCTTTGGCTGCTTCCAGAGCTGCCGCTGCTGAAAAGAATGTCCCATTATACAAGCACTTGGCTGACTTGTCTAAGTCCAAGACCTCTCCATACGTTTTGCCAGTTCCATTCTTGAACGTTTTGAACGGTGGTTCCCACGCTGGTGGTGCTTTGGCTTTGCAAGAATTTATGATTGCTCCAACTGGTGCTAAGACCTTCGCTGAAGCTTTGAGAATTGGTTCCGAAGTTTACCACAACTTGAAGTCTTTGACCAAGAAGAGATACGGTGCTTCTGCCGGTAACGTCGGTGACGAAGGTGGTGTTGCTCCAAACATTCAAACTGCTGAAGAAGCTTTGGACTTGATTGTTGACGCTATCAAGGCTGCTGGTCACGACGGTAAGATCAAGATCGGTTTGGACTGTGCTTCCTCTGAATTCTTCAAGGACGGTAAGTACGACTTGGACTTCAAGAATCCAAACTCTGACAAATCCAAGTGGTTGACTGGTCCTCAATTGGCTGACTTGTACCACTCCTTGATGAAGAGATACCCAATTGTCTCCATCGAAGATCCATTTGCTGAAGATGACTGGGAAGCTTGGTCTCACTTCTTCAAGACCGCTGGTATTCAAATTGTTGCTGATGACTTGACTGTCACCAACCCAAAGAGAATTGCTACCGCTATCGAAAAGAAGGCTGCCGACGCTTTGTTGTTGAAGGTCAACCAAATCGGTACCTTGTCTGAATCCATCAAGGCTGCTCAAGACTCTTTCGCTGCCGGTTGGGGTGTTATGGTTTCCCACAGATCTGGTGAAACTGAAGACACTTTCATTGCTGACTTGGTCGTCGGTTTGAGAACTGGTCAAATCAAGACTGGTGCTCCAGCTAGATCCGAAAGATTGGCTAAATTGAACCAATTGTTGAGAATCGAAGAAGAATTAGGTGACAACGCTGTTTTCGCTGGTGAAAACTTCCACCACGGTGACAAATTATAA
5,YHR174W,0.892,ATGGCTGTCTCTAAAGTTTACGCTAGATCCGTCTACGACTCCCGTGGTAACCCAACCGTCGAAGTCGAATTAACCACCGAAAAGGGTGTTTTCAGATCCATTGTTCCATCTGGTGCCTCCACCGGTGTCCACGAAGCTTTGGAAATGAGAGATGAAGACAAATCCAAGTGGATGGGTAAGGGTGTTATGAACGCTGTCAACAACGTCAACAACGTCATTGCTGCTGCTTTCGTCAAGGCCAACCTAGATGTTAAGGACCAAAAGGCCGTCGATGACTTCTTGTTGTCTTTGGATGGTACCGCCAACAAGTCCAAGTTGGGTGCTAACGCTATCTTGGGTGTCTCCATGGCCGCTGCTAGAGCCGCTGCTGCTGAAAAGAACGTCCCATTGTACCAACATTTGGCTGACTTGTCTAAGTCCAAGACCTCTCCATACGTTTTGCCAGTTCCATTCTTGAACGTTTTGAACGGTGGTTCCCACGCTGGTGGTGCTTTGGCTTTGCAAGAATTCATGATTGCTCCAACTGGTGCTAAGACCTTCGCTGAAGCCATGAGAATTGGTTCCGAAGTTTACCACAACTTGAAGTCTTTGACCAAGAAGAGATACGGTGCTTCTGCCGGTAACGTCGGTGACGAAGGTGGTGTTGCTCCAAACATTCAAACCGCTGAAGAAGCTTTGGACTTGATTGTTGACGCTATCAAGGCTGCTGGTCACGACGGTAAGGTCAAGATCGGTTTGGACTGTGCTTCCTCTGAATTCTTCAAGGACGGTAAGTACGACTTGGACTTCAAGAACCCAGAATCTGACAAATCCAAGTGGTTGACTGGTGTCGAATTAGCTGACATGTACCACTCCTTGATGAAGAGATACCCAATTGTCTCCATCGAAGATCCATTTGCTGAAGATGACTGGGAAGCTTGGTCTCACTTCTTCAAGACCGCTGGTATCCAAATTGTTGCTGATGACTTGACTGTCACCAACCCAGCTAGAATTGCTACCGCCATCGAAAAGAAGGCTGCTGACGCTTTGTTGTTGAAGGTTAACCAAATCGGTACCTTGTCTGAATCCATCAAGGCTGCTCAAGACTCTTTCGCTGCCAACTGGGGTGTTATGGTTTCCCACAGATCTGGTGAAACTGAAGACACTTTCATTGCTGACTTGGTTGTCGGTTTGAGAACTGGTCAAATCAAGACTGGTGCTCCAGCTAGATCCGAAAGATTGGCTAAGTTGAACCAATTGTTGAGAATCGAAGAAGAATTGGGTGACAAGGCTGTCTACGCCGGTGAAAACTTCCACCACGGTGACAAGTTGTAA
6,YJL052W,0.856,ATGATCAGAATTGCTATTAACGGTTTCGGTAGAATCGGTAGATTGGTCTTGAGATTGGCTTTGCAAAGAAAAGACATTGAGGTTGTTGCTGTCAACGATCCATTTATCTCTAACGATTATGCTGCTTACATGGTCAAGTACGATTCTACTCATGGTAGATACAAGGGTACTGTTTCCCATGACGACAAGCACATCATCATTGATGGTGTCAAGATCGCTACCTACCAAGAAAGAGACCCAGCTAACTTGCCATGGGGTTCTCTAAAGATCGATGTCGCTGTTGACTCCACTGGTGTTTTCAAGGAATTGGACACCGCTCAAAAGCACATTGACGCTGGTGCCAAGAAGGTTGTCATCACTGCTCCATCTTCTTCTGCTCCAATGTTTGTTGTTGGTGTTAACCACACTAAATACACTCCAGACAAGAAGATTGTCTCCAACGCTTCTTGTACCACCAACTGTTTGGCTCCATTGGCCAAGGTTATCAACGATGCTTTCGGTATTGAAGAAGGTTTGATGACCACTGTTCACTCCATGACCGCCACTCAAAAGACTGTTGATGGTCCATCCCACAAGGACTGGAGAGGTGGTAGAACCGCTTCCGGTAACATTATCCCATCCTCTACCGGTGCTGCTAAGGCTGTCGGTAAGGTCTTGCCAGAATTGCAAGGTAAGTTGACCGGTATGGCTTTCAGAGTCCCAACCGTCGATGTTTCCGTTGTTGACTTGACTGTCAAGTTGGAAAAGGAAGCTACTTACGACCAAATCAAGAAGGCTGTTAAGGCTGCCGCTGAAGGTCCAATGAAGGGTGTTTTGGGTTACACCGAAGATGCCGTTGTCTCCTCTGATTTCTTGGGTGACACTCACGCTTCCATCTTCGATGCCTCCGCTGGTATCCAATTGTCTCCAAAGTTCGTCAAGTTGATTTCCTGGTACGATAACGAATACGGTTACTCCGCCAGAGTTGTTGACTTGATCGAATATGTTGCCAAGGCTTAA
7,YJL189W,0.915,ATGGCTGCTCAAAAGTCTTTCAGAATCAAGCAAAAAATGGCTAAGGCTAAGAAGCAAAACAGACCATTGCCACAATGGATCAGATTGAGAACCAACAACACTATCCGTTACAACGCTAAGAGAAGAAACTGGAGAAGAACCAAGATGAACATCTAA
8,YJR009C,0.905,ATGGTTAGAGTTGCTATTAACGGTTTCGGTAGAATCGGTAGATTGGTTATGAGAATTGCTTTGCAAAGAAAGAACGTCGAAGTTGTTGCTTTGAACGATCCTTTCATCTCTAACGACTACTCCGCTTACATGTTCAAGTACGACTCTACTCACGGTAGATACGCTGGTGAAGTTTCCCACGATGACAAGCACATCATCGTTGATGGTCACAAGATCGCCACTTTCCAAGAAAGAGACCCAGCTAACTTGCCATGGGCTTCTCTAAACATTGACATCGCCATTGACTCCACTGGTGTTTTCAAGGAATTGGACACTGCTCAAAAGCACATTGACGCTGGTGCCAAGAAGGTTGTCATCACTGCTCCATCTTCCACCGCCCCAATGTTCGTCATGGGTGTTAACGAAGAAAAATACACTTCTGACTTGAAGATTGTTTCCAACGCTTCTTGTACCACCAACTGTTTGGCTCCATTGGCCAAGGTTATCAACGATGCTTTCGGTATTGAAGAAGGTTTGATGACCACTGTTCACTCCATGACCGCCACCCAAAAGACTGTTGACGGTCCATCCCACAAGGACTGGAGAGGTGGTAGAACCGCTTCCGGTAACATCATCCCATCCTCTACCGGTGCTGCTAAGGCTGTCGGTAAGGTCTTGCCAGAATTGCAAGGTAAGTTGACCGGTATGGCTTTCAGAGTCCCAACCGTCGATGTTTCCGTTGTTGACTTGACTGTCAAGTTGAACAAGGAAACCACCTACGATGAAATCAAGAAGGTTGTCAAGGCTGCCGCTGAAGGTAAGTTGAAGGGTGTCTTGGGTTACACTGAAGACGCTGTTGTCTCCTCTGACTTCTTGGGTGACTCTAACTCTTCCATCTTCGATGCTGCCGCTGGTATCCAATTGTCTCCAAAGTTCGTCAAGTTGGTTTCCTGGTACGACAACGAATACGGTTACTCTACCAGAGTTGTCGACTTGGTTGAACACGTTGCCAAGGCTTAA
9,YKL060C,0.8690000000000001,ATGGGTGTTGAACAAATCTTAAAGAGAAAGACCGGTGTCATCGTTGGTGAAGATGTCCACAACTTATTCACTTACGCTAAGGAACACAAGTTCGCTATTCCAGCTATTAACGTCACCTCTTCTTCTACTGCCGTCGCTGCTTTAGAAGCTGCTAGAGACAGCAAGTCCCCAATCATTTTGCAAACCTCTAACGGTGGTGCTGCTTACTTCGCTGGTAAGGGTATCTCTAACGAAGGTCAAAATGCTTCCATCAAGGGTGCTATTGCCGCTGCCCACTACATCAGATCCATTGCTCCAGCTTACGGTATCCCAGTTGTCTTACACTCTGACCACTGTGCCAAGAAGTTGTTGCCATGGTTCGATGGTATGTTGGAAGCTGATGAAGCTTACTTCAAGGAACACGGTGAACCATTATTCTCCTCCCACATGTTGGATTTGTCTGAAGAAACCGATGAAGAAAACATCTCTACTTGTGTCAAGTACTTCAAGAGAATGGCCGCTATGGACCAATGGTTAGAAATGGAAATCGGTATTACCGGTGGTGAAGAAGATGGTGTTAACAACGAAAACGCTGACAAGGAAGACTTGTACACCAAGCCAGAACAAGTTTACAACGTCTACAAGGCTTTGCACCCAATCTCTCCAAACTTCTCCATTGCTGCTGCTTTCGGTAACTGTCACGGTTTGTACGCTGGTGACATCGCTTTGAGACCAGAAATCTTGGCTGAACACCAAAAGTACACCAGAGAACAAGTTGGTTGCAAGGAAGAAAAGCCATTGTTCTTGGTCTTCCACGGTGGTTCCGGTTCTACTGTCCAAGAATTCCACACTGGTATTGACAACGGTGTTGTCAAGGTCAACTTGGACACTGACTGTCAATACGCTTACTTGACTGGTATCAGAGACTACGTCTTGAACAAGAAGGACTACATAATGTCCCCAGTCGGTAACCCAGAAGGTCCAGAAAAGCCAAACAAGAAGTTCTTCGACCCAAGAGTCTGGGTTAGAGAAGGTGAAAAGACCATGGGTGCTAAGATCACCAAGTCTTTGGAAACTTTCCGTACCACTAACACTTTATAA
10,YLR044C,0.904,ATGTCTGAAATTACTTTGGGTAAATATTTGTTCGAAAGATTAAAGCAAGTCAACGTTAACACCGTTTTCGGTTTGCCAGGTGACTTCAACTTGTCCTTGTTGGACAAGATCTACGAAGTTGAAGGTATGAGATGGGCTGGTAACGCCAACGAATTGAACGCTGCTTACGCCGCTGATGGTTACGCTCGTATCAAGGGTATGTCTTGTATCATCACCACCTTCGGTGTCGGTGAATTGTCTGCTTTGAACGGTATTGCCGGTTCTTACGCTGAACACGTCGGTGTTTTGCACGTTGTTGGTGTCCCATCCATCTCTGCTCAAGCTAAGCAATTGTTGTTGCACCACACCTTGGGTAACGGTGACTTCACTGTTTTCCACAGAATGTCTGCCAACATTTCTGAAACCACTGCTATGATCACTGACATTGCTACCGCCCCAGCTGAAATTGACAGATGTATCAGAACCACTTACGTCACCCAAAGACCAGTCTACTTAGGTTTGCCAGCTAACTTGGTCGACTTGAACGTCCCAGCTAAGTTGTTGCAAACTCCAATTGACATGTCTTTGAAGCCAAACGATGCTGAATCCGAAAAGGAAGTCATTGACACCATCTTGGCTTTGGTCAAGGATGCTAAGAACCCAGTTATCTTGGCTGATGCTTGTTGTTCCAGACACGACGTCAAGGCTGAAACTAAGAAGTTGATTGACTTGACTCAATTCCCAGCTTTCGTCACCCCAATGGGTAAGGGTTCCATTGACGAACAACACCCAAGATACGGTGGTGTTTACGTCGGTACCTTGTCCAAGCCAGAAGTTAAGGAAGCCGTTGAATCTGCTGACTTGATTTTGTCTGTCGGTGCTTTGTTGTCTGATTTCAACACCGGTTCTTTCTCTTACTCTTACAAGACCAAGAACATTGTCGAATTCCACTCCGACCACATGAAGATCAGAAACGCCACTTTCCCAGGTGTCCAAATGAAATTCGTTTTGCAAAAGTTGTTGACCACTATTGCTGACGCCGCTAAGGGTTACAAGCCAGTTGCTGTCCCAGCTAGAACTCCAGCTAACGCTGCTGTCCCAGCTTCTACCCCATTGAAGCAAGAATGGATGTGGAACCAATTGGGTAACTTCTTGCAAGAAGGTGATGTTGTCATTGCTGAAACCGGTACCTCCGCTTTCGGTATCAACCAAACCACTTTCCCAAACAACACCTACGGTATCTCTCAAGTCTTATGGGGTTCCATTGGTTTCACCACTGGTGCTACCTTGGGTGCTGCTTTCGCTGCTGAAGAAATTGATCCAAAGAAGAGAGTTATCTTATTCATTGGTGACGGTTCTTTGCAATTGACTGTTCAAGAAATCTCCACCATGATCAGATGGGGCTTGAAGCCATACTTGTTCGTCTTGAACAACGATGGTTACACCATTGAAAAGTTGATTCACGGTCCAAAGGCTCAATACAACGAAATTCAAGGTTGGGACCACCTATCCTTGTTGCCAACTTTCGGTGCTAAGGACTATGAAACCCACAGAGTCGCTACCACCGGTGAATGGGACAAGTTGACCCAAGACAAGTCTTTCAACGACAACTCTAAGATCAGAATGATTGAAATCATGTTGCCAGTCTTCGATGCTCCACAAAACTTGGTTGAACAAGCTAAGTTGACTGCTGCTACCAACGCTAAGCAATAA
11,YLR061W,0.8590000000000001,ATGGCCCCAAACACTTCCAGAAAGCAAAAGATTGCCAAGACCTTTACCGTCGATGTCTCTTCTCCAACTGAAAACGGTGTCTTCGACCCAGCTTCCTACGCTAAGTACTTGATCGACCACATCAAGGTCGAAGGTGCTGTCGGTAACTTGGGTAACGCTGTCACTGTCACTGAAGATGGTACCGTTGTTACTGTTGTTTCCACTGCCAAGTTCTCTGGTAAGTACTTGAAGTACTTGACAAAGAAGTACTTGAAGAAGAACCAATTGAGAGACTGGATCAGATTTGTCTCTACCAAGACCAACGAATACAGATTGGCCTTCTACCAAGTCACTCCAGAAGAAGACGAAGAAGAAGACGAAGAATAA
12,YLR110C,0.87,ATGCAATTTTCTACTGTCGCTTCTATCGCCGCTGTCGCCGCTGTCGCTTCTGCCGCTGCTAACGTTACCACTGCTACTGTCAGCCAAGAATCTACCACTTTGGTCACCATCACTTCTTGTGAAGACCACGTCTGTTCTGAAACTGTCTCCCCAGCTTTGGTTTCCACCGCTACCGTCACCGTCGATGACGTTATCACTCAATACACCACCTGGTGCCCATTGACCACTGAAGCCCCAAAGAACGGTACTTCTACTGCTGCTCCAGTTACCTCTACTGAAGCTCCAAAGAACACCACCTCTGCTGCTCCAACTCACTCTGTCACCTCTTACACTGGTGCTGCTGCTAAGGCTTTGCCAGCTGCTGGTGCTTTGTTGGCTGGTGCCGCTGCTTTGTTGTTGTAA
13,YPR043W,0.872,ATGGCTAAAAGAACTAAGAAGGTTGGTATCACTGGTAAGTACGGTGTCCGTTATGGTTCCTCTTTGAGAAGACAAGTCAAGAAGTTGGAAATCCAACAACACGCTAGATACGATTGTTCTTTCTGTGGTAAGAAGACCGTCAAGAGAGGTGCTGCTGGTATTTGGACTTGTTCCTGTTGTAAGAAGACCGTCGCTGGTGGTGCTTACACTGTCTCCACTGCTGCTGCCGCCACCGTTAGATCTACCATCAGAAGATTGAGAGAAATGGTTGAAGCTTGA
14,YPR080W,0.871,ATGGGTAAAGAGAAGTCTCACATTAACGTTGTCGTTATCGGTCATGTCGATTCTGGTAAGTCTACCACTACCGGTCATTTGATTTACAAGTGTGGTGGTATTGACAAGAGAACCATCGAAAAGTTCGAAAAGGAAGCCGCTGAATTAGGTAAGGGTTCTTTCAAGTACGCTTGGGTTTTGGACAAGTTAAAGGCTGAAAGAGAAAGAGGTATCACTATCGATATTGCTTTGTGGAAGTTCGAAACTCCAAAGTACCAAGTTACCGTTATTGATGCTCCAGGTCACAGAGATTTCATCAAGAACATGATTACTGGTACTTCTCAAGCTGACTGTGCTATCTTGATTATTGCTGGTGGTGTCGGTGAATTCGAAGCCGGTATCTCTAAGGATGGTCAAACCAGAGAACACGCTTTGTTGGCTTTCACCTTGGGTGTTAGACAATTGATTGTTGCTGTCAACAAGATGGACTCCGTCAAATGGGACGAATCCAGATTCCAAGAAATTGTCAAGGAAACCTCCAACTTTATCAAGAAGGTTGGTTACAACCCAAAGACTGTTCCATTCGTCCCAATCTCTGGTTGGAACGGTGACAACATGATTGAAGCTACCACCAACGCTCCATGGTACAAGGGTTGGGAAAAGGAAACCAAGGCCGGTGTCGTCAAGGGTAAGACTTTGTTGGAAGCCATTGACGCCATTGAACAACCATCTAGACCAACTGACAAGCCATTGAGATTGCCATTGCAAGATGTTTACAAGATTGGTGGTATTGGTACTGTGCCAGTCGGTAGAGTTGAAACCGGTGTCATCAAGCCAGGTATGGTTGTTACTTTTGCCCCAGCTGGTGTTACCACTGAAGTCAAGTCCGTTGAAATGCATCACGAACAATTGGAACAAGGTGTTCCAGGTGACAACGTTGGTTTCAACGTCAAGAACGTTTCCGTTAAGGAAATCAGAAGAGGTAACGTCTGTGGTGACGCTAAGAACGATCCACCAAAGGGTTGCGCTTCTTTCAACGCTACCGTCATTGTTTTGAACCATCCAGGTCAAATCTCTGCTGGTTACTCTCCAGTTTTGGATTGTCACACTGCTCACATTGCTTGTAGATTCGACGAATTGTTGGAAAAGAACGACAGAAGATCTGGTAAGAAGTTGGAAGACCATCCAAAGTTCTTGAAGTCCGGTGACGCTGCTTTGGTCAAGTTCGTTCCATCTAAGCCAATGTGTGTTGAAGCTTTCAGTGAATACCCACCATTAGGTAGATTCGCTGTCAGAGACATGAGACAAACTGTCGCTGTCGGTGTTATCAAGTCTGTTGACAAGACTGAAAAGGCCGCTAAGGTTACCAAGGCTGCTCAAAAGGCTGCTAAGAAATAA
